{"cameraMode":{"drawMode":0,"name":"Shaded","section":"Shading Mode"},"sceneLighting":true,"audioPlay":false,"sceneViewState":{"showFog":true,"showMaterialUpdate":true,"showSkybox":true,"showFlares":true,"showImageEffects":true,"showParticleSystems":true},"in2DMode":false,"pivot":{"x":157.1300048828125,"y":13.329999923706055,"z":102.2300033569336},"rotation":{"x":-0.20844298601150514,"y":-0.054519470781087878,"z":0.011637825518846512,"w":-0.9764444231987},"size":2.8578836917877199,"orthographic":false}